AGS,gisd_norm
10041,0.7739999160475173
10042,0.6430340427318137
10043,1.0
10044,0.4276959241069558
10045,0.0
10046,0.06552491289929918
